Neighborhood,Total Count approved,Less than 1 year approved,1 year approved,2 years approved,3 years approved,4 years approved,5-10 years approved,10-15 years approved,15-20 years approved,20-25 years approved,25-30 years approved,30-35 years approved,35-40 years approved,40-45 years approved,45-50 years approved,50-55 years approved,55-60 years approved,60-65 years approved,65-70 years approved,70-75 years approved,75-80 years approved,80-85 years approved,85-90 years approved,95-100 years approved,Greater than 100 years approved,Total Count not approved,Less than 1 year not approved,1 year not approved,2 years not approved,3 years not approved,4 years not approved,5-10 years not approved,10-15 years not approved,15-20 years not approved,20-25 years not approved,25-30 years not approved,30-35 years not approved,35-40 years not approved,40-45 years not approved,45-50 years not approved,50-55 years not approved,55-60 years not approved,60-65 years not approved,65-70 years not approved,70-75 years not approved,75-80 years not approved,80-85 years not approved,85-90 years not approved,95-100 years not approved,Greater than 100 years not approved
Allerton,52,2,5,1,0,0,1,1,2,1,2,0,0,1,0,1,0,2,0,1,0,0,0,0,1,48,1,1,1,1,3,5,5,1,0,1,0,1,0,0,0,0,0,2,0,0,0,1,0,3
Annadale,29,0,0,1,0,3,1,3,2,1,0,0,0,0,0,0,0,0,0,0,0,0,0,0,2,55,0,1,2,1,6,7,5,7,2,3,1,1,0,0,0,0,0,0,0,0,0,0,0,1
Arden Heights,37,0,1,0,1,3,3,1,0,0,1,0,0,1,0,0,0,0,0,0,0,0,0,0,2,38,1,0,2,1,2,7,5,4,1,1,0,0,0,0,0,0,0,0,0,0,0,0,0,1
Arrochar,18,0,0,2,0,2,0,0,1,0,2,0,0,0,0,0,0,0,0,0,0,0,0,0,0,16,0,0,0,1,3,2,1,1,2,1,1,0,0,1,0,0,0,0,0,0,0,0,0,0
Arverne,22,0,1,3,1,4,3,0,0,0,0,0,1,0,1,0,0,0,0,0,0,0,0,0,0,12,2,0,0,0,0,0,1,0,0,1,0,0,0,0,0,0,0,0,0,0,0,0,0,0
Astoria,783,57,90,106,64,191,52,25,17,10,5,8,3,2,2,0,1,1,0,0,0,0,0,0,1,833,44,85,86,76,177,53,35,36,26,16,1,6,4,1,3,0,0,0,0,0,0,0,0,4
Auburndale,7,1,0,0,0,0,1,0,0,2,0,0,0,0,0,0,0,0,0,0,0,0,0,0,1,35,0,1,1,3,1,3,7,5,5,0,1,2,0,0,0,0,0,0,0,0,0,0,0,0
Bath Beach,11,1,2,0,0,4,1,0,2,1,0,0,0,0,0,0,0,0,0,0,0,0,0,0,0,27,1,2,0,1,6,4,4,4,1,1,0,0,0,0,0,0,0,0,0,0,0,0,0,0
Battery Park City,62,4,8,4,2,16,3,3,0,1,0,0,0,0,0,0,0,0,0,0,0,0,0,0,0,66,1,5,2,10,13,3,3,1,1,1,0,0,0,0,0,0,0,0,0,0,0,0,0,1
Bay Ridge,210,7,16,5,13,41,19,12,14,10,8,6,3,4,3,1,0,1,0,0,0,0,0,0,1,330,20,24,27,12,37,33,29,36,12,15,9,10,8,5,3,0,0,0,0,0,1,0,0,0
Bay Terrace,17,0,2,1,2,1,4,0,3,1,0,0,1,0,0,0,0,0,0,0,0,0,0,0,0,19,1,1,1,1,2,3,1,1,0,1,2,0,0,0,0,0,0,0,0,0,0,0,0,0
Bay Terrace (Staten Island),6,0,0,0,0,1,1,1,1,0,0,0,0,0,0,0,0,0,0,0,0,0,0,0,0,15,0,1,1,0,2,1,3,4,1,0,0,0,0,0,0,1,0,0,0,0,0,0,0,0
Baychester,2,0,0,0,0,1,0,0,1,0,0,0,0,0,0,0,0,0,0,0,0,0,0,0,0,11,0,0,0,0,1,0,2,2,0,1,0,0,0,0,1,0,0,0,0,0,0,0,1,0
Bayside,50,1,3,0,3,3,5,8,13,4,1,2,1,0,0,0,0,0,0,0,0,0,0,0,0,122,2,5,5,4,11,7,19,24,11,3,2,3,2,0,0,1,1,0,0,0,0,0,0,2
Bayswater,1,1,0,0,0,0,0,0,0,0,0,0,0,0,0,0,0,0,0,0,0,0,0,0,0,11,1,2,0,0,0,2,1,2,2,0,0,0,0,0,0,0,0,0,0,0,0,0,0,0
Bedford-Stuyvesant,358,25,58,53,26,57,7,5,4,2,1,4,1,0,1,1,1,2,0,0,0,0,0,0,0,402,38,67,46,35,66,19,4,4,3,3,3,0,0,0,0,0,0,1,0,0,0,0,0,0
Bedford Park ,15,1,1,1,0,3,2,0,1,0,2,0,0,0,0,0,0,0,0,0,0,0,0,0,0,24,0,3,0,1,6,1,3,4,2,0,0,0,0,0,0,0,0,0,0,0,0,0,0,0
Beechhurst,3,0,0,0,0,1,0,0,0,0,0,0,0,1,0,0,0,0,0,0,0,0,0,0,0,11,1,0,0,1,2,0,2,1,0,0,0,0,0,0,0,0,0,0,0,0,0,0,0,0
Belle Harbor,22,0,0,1,0,3,3,1,1,5,2,0,2,0,0,0,0,0,0,1,0,0,0,0,0,52,1,1,2,1,2,2,7,10,5,4,3,5,0,0,1,0,0,0,0,0,0,0,0,0
Bellerose,15,0,0,0,1,5,1,0,3,0,0,0,0,0,0,0,0,0,0,0,0,0,0,0,1,53,1,0,3,0,7,10,4,14,5,3,0,0,1,1,0,0,0,0,0,0,0,0,0,0
Belmont,19,0,3,2,0,2,1,0,0,2,0,0,0,0,0,1,0,0,0,0,0,0,0,1,0,28,2,3,5,1,5,0,2,2,0,0,0,0,0,0,0,0,0,0,0,0,0,0,0,1
Bensonhurst,71,2,3,3,6,11,4,16,9,10,1,0,0,0,0,0,0,0,0,0,0,0,0,0,0,137,0,10,6,3,21,16,20,26,8,7,1,2,0,0,0,0,0,0,1,0,0,0,0,1
Bergen Beach,2,0,0,0,0,0,0,1,1,0,0,0,0,0,0,0,0,0,0,0,0,0,0,0,0,20,0,1,0,0,2,3,5,6,0,0,0,0,0,1,1,0,0,0,0,0,0,0,0,0
Bloomfield,2,0,0,0,0,0,1,0,0,0,0,0,0,0,0,0,0,0,0,0,0,0,0,0,0,0,0,0,0,0,0,0,0,0,0,0,0,0,0,0,0,0,0,0,0,0,0,0,0,0
Boreum Hill,97,7,12,9,16,15,7,2,1,1,0,1,0,0,0,0,0,0,0,0,0,0,0,0,1,91,2,6,8,5,27,11,3,4,0,0,1,1,0,0,0,0,0,0,0,0,0,0,0,0
Borough Park,22,1,0,1,0,1,2,1,5,2,0,0,0,0,0,1,0,0,0,0,0,0,0,0,0,23,1,0,2,0,5,3,1,0,2,1,0,0,0,0,0,0,0,0,0,0,0,0,0,0
Breezy Point,13,0,0,0,1,1,0,0,2,1,1,0,0,0,1,0,0,0,0,0,0,0,0,0,0,33,0,0,0,1,3,1,7,5,6,0,1,1,0,0,1,0,0,0,0,0,0,0,0,0
Briarwood,27,3,3,2,3,3,5,2,1,1,0,0,0,1,0,0,0,0,0,0,0,0,0,0,0,33,1,7,2,1,6,1,2,4,2,0,0,1,1,0,0,0,0,0,0,0,0,0,0,0
Brighton Beach,19,0,1,2,0,2,2,5,1,0,0,0,0,0,0,0,0,0,0,0,0,0,0,0,0,35,0,0,1,1,4,5,9,4,2,0,0,0,0,1,0,0,0,0,0,0,0,0,0,0
Broad Channel,5,0,0,0,0,2,0,0,0,0,0,0,0,0,1,0,0,0,0,0,0,0,0,0,0,10,0,1,0,0,1,0,3,0,0,1,0,2,0,0,0,0,0,0,0,0,0,0,0,0
Brooklyn Heights,142,4,16,18,11,22,13,4,2,3,4,6,1,1,1,1,0,0,0,0,0,0,0,0,0,130,7,18,8,10,17,8,10,4,6,3,0,1,0,0,0,0,0,1,1,0,0,0,0,2
Brookville,5,0,0,0,1,0,1,0,0,0,0,0,0,0,0,0,0,0,0,0,0,0,0,0,0,4,0,0,0,0,2,0,0,0,0,0,0,0,0,0,0,0,0,0,0,0,0,0,0,1
Brownsville,17,0,2,1,1,0,0,1,2,1,0,1,1,0,0,0,0,0,0,0,0,0,0,0,0,23,2,1,1,1,2,0,1,3,0,0,0,0,0,0,1,0,0,0,0,0,0,0,0,0
Bulls Heads,2,0,0,0,0,0,0,0,0,2,0,0,0,0,0,0,0,0,0,0,0,0,0,0,0,19,1,1,1,0,2,1,2,3,4,1,0,0,0,0,0,0,0,0,0,0,0,0,0,0
Bushwick,255,33,50,36,15,42,4,2,4,3,1,0,3,0,0,0,0,0,0,0,0,0,0,0,1,415,44,64,50,30,83,11,8,5,3,4,0,1,0,1,0,0,0,0,0,0,0,0,0,0
Cambria Heights,6,1,0,0,0,2,1,0,0,0,0,1,1,0,0,0,0,0,0,0,0,0,0,0,0,7,0,0,0,0,2,0,1,0,0,0,1,0,0,2,0,0,0,0,0,0,0,0,0,0
Canarsie,10,0,1,0,1,4,0,0,0,1,0,0,0,0,0,0,0,0,0,1,0,0,0,0,0,39,0,2,1,2,5,7,3,9,4,1,1,1,0,0,0,0,0,0,0,0,0,0,0,0
Carnegie Hill,33,2,5,3,4,4,0,2,0,1,1,0,2,1,0,0,0,0,0,0,0,0,0,0,0,61,6,2,6,0,15,4,4,6,0,0,1,0,1,0,0,0,0,0,0,0,0,0,0,0
Carroll Gardens,120,3,17,10,9,21,13,9,1,4,0,0,1,0,2,0,0,0,0,0,0,0,0,0,2,114,9,23,8,8,19,5,7,7,0,2,1,0,0,0,0,0,0,0,0,0,0,0,0,0
Castle Hill,8,0,0,0,1,1,0,1,2,0,1,0,0,0,0,0,0,0,0,0,0,0,0,0,0,22,0,1,0,2,3,4,4,2,1,0,0,1,0,0,0,0,0,0,0,0,0,0,0,0
Castleton Corners,8,1,0,0,0,0,0,0,3,3,0,0,0,0,0,0,0,0,0,0,0,0,0,0,0,18,0,0,1,0,2,0,4,6,2,2,0,0,0,0,0,0,0,0,0,0,0,0,0,0
Central Harlem,98,6,14,10,7,21,6,4,7,2,0,0,0,0,0,0,0,0,0,0,0,0,0,0,0,146,11,25,15,10,29,14,7,1,4,3,1,0,2,0,1,0,0,0,0,0,0,0,0,0
Charleston,3,0,0,0,0,1,1,0,0,0,0,0,0,0,0,0,0,0,0,0,0,0,0,0,0,2,0,0,1,0,0,1,0,0,0,0,0,0,0,0,0,0,0,0,0,0,0,0,0,0
Chelsea,260,14,24,36,21,36,22,11,11,6,6,3,0,0,1,1,1,1,0,0,0,0,0,0,0,280,16,29,26,20,52,20,15,15,3,6,3,1,2,0,0,0,0,0,1,0,0,0,0,0
Chelsea (Staten Island),1,0,0,0,0,0,0,0,0,0,0,0,0,0,0,0,0,0,0,0,0,0,0,0,0,2,1,0,0,0,0,0,0,0,0,0,0,0,0,0,0,0,0,0,0,0,0,0,0,0
Chinatown,49,5,2,3,5,1,4,1,3,2,3,2,1,0,0,0,0,0,0,0,0,0,0,0,0,79,4,3,6,3,11,2,2,3,2,3,1,0,2,0,0,0,0,0,0,0,0,0,0,0
City Island,10,0,0,0,0,1,1,1,1,1,0,0,0,1,0,1,0,0,0,0,0,0,0,0,0,16,0,0,0,0,2,3,2,2,0,1,0,0,2,0,0,0,0,0,0,0,0,0,0,0
Civic Center,3,0,0,0,0,0,2,0,0,0,0,0,0,0,0,0,0,0,0,0,0,0,0,0,0,9,0,2,1,1,1,0,0,0,0,0,0,0,0,0,0,0,0,0,0,0,0,0,0,1
Claremont,1,0,0,0,0,0,0,0,0,0,0,0,0,0,0,0,0,0,0,0,0,0,0,0,0,2,0,0,0,0,1,0,0,0,0,0,0,0,0,1,0,0,0,0,0,0,0,0,0,0
Claremont Village,1,0,0,0,0,0,0,1,0,0,0,0,0,0,0,0,0,0,0,0,0,0,0,0,0,2,0,0,0,0,0,0,0,0,0,1,0,0,0,0,0,0,0,0,0,0,0,0,0,0
Clason Point,4,0,0,0,0,1,1,0,0,0,0,1,0,0,0,0,0,0,0,0,0,0,0,0,0,5,1,1,0,1,1,1,0,0,0,0,0,0,0,0,0,0,0,0,0,0,0,0,0,0
Clifton,0,0,0,0,0,0,0,0,0,0,0,0,0,0,0,0,0,0,0,0,0,0,0,0,0,6,0,1,1,0,0,0,1,1,1,0,0,0,0,0,0,0,0,0,0,0,0,0,0,0
Clinton Hill,224,13,34,26,34,33,21,7,2,2,4,0,2,0,0,0,0,0,0,0,0,0,0,0,0,193,23,23,21,17,42,10,4,3,1,1,0,0,0,0,0,0,0,0,0,0,0,0,0,0
Co-Op City,7,1,0,0,0,3,1,0,1,0,0,0,0,0,0,0,0,0,0,0,0,0,0,0,1,15,1,0,0,0,1,1,2,4,0,0,1,0,1,0,0,0,0,0,0,0,0,0,0,0
Cobble Hill,96,1,17,9,12,17,6,12,4,5,0,0,1,0,1,0,0,0,0,0,0,0,0,0,0,102,8,12,9,8,16,9,6,7,2,1,0,0,0,0,0,0,0,0,0,0,0,0,0,0
College Point,8,0,0,0,0,0,1,2,1,1,0,0,0,2,0,0,0,0,0,0,0,0,0,0,0,47,1,2,3,1,5,8,5,5,6,3,2,0,0,0,0,0,0,0,0,0,0,0,0,0
Columbia Street Waterfront District,32,3,2,0,3,9,5,1,0,0,0,2,0,0,1,0,0,0,0,0,0,0,0,0,0,29,5,6,2,3,3,2,0,1,0,0,1,0,0,0,0,0,0,0,0,0,0,0,0,0
Columbus Circle,19,1,2,0,2,2,2,1,1,0,0,0,0,0,0,0,0,0,0,0,0,0,0,0,0,13,0,2,0,0,0,0,1,0,0,1,0,0,0,0,0,0,0,0,0,0,0,0,0,0
Concord,3,0,0,0,0,0,0,2,0,0,0,0,0,0,0,0,0,0,0,0,0,0,0,0,0,3,0,0,0,0,0,0,0,0,0,0,0,0,0,0,0,0,0,0,0,0,0,0,0,0
Concourse,9,0,2,0,0,1,1,0,0,0,0,0,0,0,0,0,0,0,0,0,0,0,0,0,0,22,1,1,0,1,7,1,0,0,1,0,0,2,1,0,0,0,0,0,0,0,0,0,0,1
Concourse Village,2,0,0,0,0,1,0,0,0,0,0,0,0,0,0,0,0,0,0,0,0,0,0,0,0,8,1,0,1,0,0,0,0,0,1,0,0,0,0,0,0,0,0,0,0,0,0,0,0,0
Coney Island,25,1,2,0,1,2,2,4,2,1,0,0,0,0,0,0,0,0,0,0,0,0,0,0,1,35,0,1,1,1,4,3,5,5,4,1,0,1,0,0,0,0,0,0,0,0,0,0,0,0
Corona,0,0,0,0,0,0,0,0,0,0,0,0,0,0,0,0,0,0,0,0,0,0,0,0,0,0,0,0,0,0,0,0,0,0,0,0,0,0,0,0,0,0,0,0,0,0,0,0,0,0
Country Club,7,0,2,0,0,0,0,2,1,0,2,0,0,0,0,0,0,0,0,0,0,0,0,0,0,30,0,1,0,1,4,10,4,4,1,1,0,1,0,0,1,0,0,0,0,0,0,0,0,0
Crown Heights,425,54,93,56,33,58,15,2,3,2,5,1,2,0,0,1,0,0,0,0,0,0,0,0,0,357,39,54,54,36,41,8,10,7,3,0,1,0,0,1,0,0,0,0,0,0,0,0,0,0
Cypress Hills,9,0,1,0,0,2,0,1,1,1,0,0,0,0,0,0,0,0,0,0,0,0,0,0,0,17,1,0,2,0,3,3,3,1,1,0,2,0,0,0,0,0,0,0,0,0,0,0,0,0
Ditmars,15,2,3,2,1,1,2,0,0,1,0,0,0,0,0,0,0,0,0,0,0,0,0,0,0,28,5,2,5,0,5,2,2,0,1,1,0,0,0,0,0,0,0,0,0,0,0,0,0,0
Ditmas Park,103,8,11,15,7,22,2,2,4,4,2,0,0,0,0,0,0,0,0,0,0,0,0,0,0,107,6,10,12,10,11,7,7,1,2,2,1,0,0,0,0,0,0,0,0,0,0,0,0,0
Dongan Hills,9,0,1,0,1,0,1,2,1,0,0,0,0,0,0,1,0,0,0,0,0,0,0,0,0,30,0,1,1,0,5,3,4,7,2,1,1,1,0,1,0,0,0,0,0,0,0,0,0,0
Douglaston,12,0,0,0,0,2,0,3,2,0,1,1,0,0,0,0,0,0,0,0,0,0,0,0,0,26,0,3,0,0,4,3,5,8,1,0,0,0,0,0,0,0,0,0,0,0,0,0,0,0
Downtown Brooklyn,63,2,10,9,1,13,4,0,1,0,1,0,0,0,0,0,0,0,0,0,0,0,0,0,0,84,13,10,5,9,5,4,2,4,0,0,0,0,0,0,0,0,0,0,0,0,0,0,0,0
DUMBO,26,5,2,3,0,4,1,2,0,0,0,0,0,0,0,1,0,0,0,0,0,0,0,0,0,26,3,3,0,4,2,0,1,0,1,0,0,0,0,0,0,0,0,0,0,0,0,0,0,0
Dyker Heights,35,0,4,2,1,3,3,4,1,3,5,0,1,0,0,0,0,0,0,0,0,0,0,0,0,65,3,2,1,4,9,7,3,8,9,6,1,0,1,1,1,0,1,1,0,0,0,0,0,0
East Elmhurst,13,0,0,0,1,1,1,6,0,1,1,1,0,0,1,0,0,0,0,0,0,0,0,0,0,51,2,3,3,1,5,7,4,6,4,0,1,0,1,0,2,0,0,0,0,0,0,0,0,0
East Flatbush,24,0,0,1,0,5,1,5,2,0,1,0,1,0,0,0,0,0,0,0,0,0,0,0,0,33,0,1,1,2,4,3,4,8,4,1,1,0,0,0,0,0,0,0,0,0,0,0,0,0
East Harlem,97,11,13,6,8,5,9,4,2,2,4,2,3,0,0,1,0,1,0,0,0,0,0,0,0,202,10,28,13,15,29,10,8,13,8,6,3,2,1,0,2,0,0,0,0,0,0,0,0,0
East New York,27,0,0,1,0,1,2,2,3,3,4,0,1,0,0,0,0,0,0,0,0,0,0,0,0,45,2,2,0,0,2,5,6,7,6,1,1,0,0,0,0,0,1,0,0,0,0,0,0,0
East Village,430,41,66,42,32,68,24,19,16,8,10,3,1,2,1,2,0,2,0,0,0,0,0,0,0,434,44,60,51,32,55,25,12,12,9,6,5,2,2,1,0,1,0,0,0,0,0,0,0,1
East Williamsburg,128,11,17,17,9,31,6,1,0,1,0,0,0,1,1,0,0,0,0,0,0,0,0,0,0,162,13,22,16,19,27,10,2,2,1,1,0,0,0,0,0,0,0,0,0,0,0,0,0,0
Eastchester,3,0,0,0,0,1,1,0,0,1,0,0,0,0,0,0,0,0,0,0,0,0,0,0,0,2,0,0,0,0,0,0,1,1,0,0,0,0,0,0,0,0,0,0,0,0,0,0,0,0
Edenwald,1,0,0,0,0,0,1,0,0,0,0,0,0,0,0,0,0,0,0,0,0,0,0,0,0,2,0,0,0,0,1,0,0,0,0,0,0,0,0,0,0,0,0,0,0,0,0,0,0,0
Edgemere,1,0,0,0,0,0,0,0,0,0,0,0,0,0,0,0,0,0,0,0,0,0,0,0,1,2,0,1,0,0,1,0,0,0,0,0,0,0,0,0,0,0,0,0,0,0,0,0,0,0
Elm Park,2,0,0,0,0,0,0,0,0,0,0,0,0,0,0,0,0,0,0,0,0,0,0,0,0,5,0,1,1,0,1,0,1,0,0,0,0,0,0,0,0,0,0,0,0,0,0,0,0,0
Elmhurst,43,3,6,3,0,6,3,6,6,1,2,2,0,0,0,0,0,0,0,0,0,0,0,0,0,51,6,2,1,2,5,5,13,6,1,1,0,1,1,0,0,1,0,0,0,0,0,0,0,1
Eltingville,4,1,0,0,0,1,0,0,1,0,0,0,0,0,0,0,0,0,0,0,0,0,0,0,0,34,0,1,2,0,4,4,9,3,7,1,0,0,0,0,0,0,0,0,0,0,0,0,0,0
Emerson Hill,2,0,0,0,0,0,2,0,0,0,0,0,0,0,0,0,0,0,0,0,0,0,0,0,0,4,0,0,1,0,1,0,1,0,1,0,0,0,0,0,0,0,0,0,0,0,0,0,0,0
Far Rockaway,7,0,1,1,1,0,0,1,0,0,0,0,0,0,0,0,0,0,0,0,0,0,0,0,0,19,0,1,0,0,1,2,2,4,3,0,1,0,0,0,0,0,0,0,0,0,0,0,0,0
Fieldston,1,0,0,0,0,0,0,1,0,0,0,0,0,0,0,0,0,0,0,0,0,0,0,0,0,3,0,0,0,0,0,0,0,0,0,0,0,0,0,0,1,0,0,0,0,0,0,0,0,0
Financial District,81,6,8,11,8,14,1,1,0,1,0,0,1,0,0,0,0,0,0,0,0,0,0,0,0,142,19,19,12,16,19,4,4,1,2,3,2,0,0,0,0,0,0,0,0,0,0,0,0,0
Flatbush,78,6,5,9,3,14,3,8,3,2,2,1,1,1,0,0,0,0,0,0,0,0,0,0,0,83,5,9,7,3,12,4,6,5,8,1,0,0,0,1,0,0,0,0,0,0,0,0,0,0
Flatiron,43,1,2,4,8,9,1,2,2,3,1,1,0,1,0,0,0,0,0,0,0,0,0,0,0,48,1,6,5,3,13,0,2,2,0,0,1,0,1,0,0,0,0,0,0,0,0,0,0,0
Flatlands,10,0,1,0,1,1,0,0,0,1,1,1,0,0,0,0,0,0,0,0,0,0,0,0,0,15,0,0,1,1,1,2,2,4,1,1,0,0,0,0,0,0,0,0,0,0,0,0,0,1
Flushing,49,0,0,3,1,3,2,12,13,3,1,3,2,0,0,0,0,0,0,0,0,0,0,0,0,102,0,3,2,1,10,12,12,20,11,5,1,3,3,0,0,0,0,0,0,0,0,0,0,0
Fordham,8,1,1,0,1,0,0,1,1,0,0,0,0,0,0,0,1,0,0,0,0,0,0,0,0,20,4,2,0,1,2,2,0,4,1,0,0,0,0,0,0,0,0,0,0,0,0,0,0,0
Forest Hills,124,5,8,8,9,25,15,9,7,7,6,4,3,1,2,1,0,0,0,0,0,0,0,0,0,128,11,5,6,8,21,17,21,4,4,3,0,4,0,0,0,1,0,0,0,0,0,0,0,0
Fort George,29,4,4,2,3,5,3,0,0,0,0,0,0,1,0,0,0,0,0,1,0,0,0,0,0,23,3,3,3,4,1,1,0,0,0,0,0,0,0,0,0,0,0,0,0,0,0,0,0,0
Fort Greene,135,8,9,19,20,31,9,8,2,0,2,0,0,1,1,0,1,0,0,0,0,0,0,0,0,120,10,16,7,9,29,10,5,2,0,1,0,0,1,0,0,0,0,0,0,0,0,0,0,0
Fort Hamilton,7,0,0,1,0,4,1,0,0,0,0,0,0,0,0,0,0,0,0,0,0,0,0,0,0,11,1,0,2,0,1,4,0,0,0,1,0,1,0,0,0,0,0,0,0,0,0,0,0,0
Fort Wadsworth,0,0,0,0,0,0,0,0,0,0,0,0,0,0,0,0,0,0,0,0,0,0,0,0,0,7,0,0,0,0,0,0,0,0,0,2,2,0,0,0,0,0,0,0,0,0,0,0,0,0
Fresh Meadows,31,0,0,2,2,1,5,8,3,3,3,1,0,0,0,0,0,0,0,0,0,0,0,0,0,44,3,2,2,1,8,7,1,12,4,1,0,0,0,0,0,0,0,0,0,0,0,0,0,0
Garment District,9,1,1,0,2,0,1,0,0,0,0,0,0,0,0,0,0,0,0,0,0,0,0,0,0,8,1,1,1,0,1,0,0,0,0,0,0,0,0,0,0,0,0,0,0,0,0,0,0,0
Gerritsen Beach,9,0,0,0,1,0,0,0,2,2,1,1,1,0,0,0,0,0,0,0,0,0,0,0,0,53,1,2,2,2,2,3,9,11,4,2,3,4,0,0,2,0,0,0,0,0,0,0,0,1
Glendale,26,0,1,1,1,5,1,7,2,0,0,2,1,0,1,2,0,0,0,0,0,0,0,0,0,54,1,0,2,2,8,7,14,10,7,1,0,0,1,0,0,0,0,0,0,0,0,0,0,0
Gowanus,59,5,8,10,9,8,3,1,0,1,0,0,0,0,1,0,0,0,0,0,0,0,0,0,0,54,4,11,1,7,5,3,2,1,0,0,0,0,0,0,0,0,0,0,0,0,0,0,0,0
Gramercy,102,7,13,14,5,15,2,3,3,1,2,4,3,0,0,0,0,0,0,0,0,0,0,0,0,123,8,10,14,5,24,8,8,7,1,1,2,1,1,0,1,0,0,0,0,0,0,0,0,0
Graniteville,0,0,0,0,0,0,0,0,0,0,0,0,0,0,0,0,0,0,0,0,0,0,0,0,0,5,0,0,0,0,0,0,3,0,0,1,0,0,0,0,0,0,0,0,0,0,0,0,0,0
Grant City,2,0,0,0,1,0,0,1,0,0,0,0,0,0,0,0,0,0,0,0,0,0,0,0,0,21,0,0,0,0,2,2,2,7,4,1,0,0,0,0,0,0,0,0,0,0,0,0,0,0
Grasmere,6,0,1,1,1,0,1,1,0,0,1,0,0,0,0,0,0,0,0,0,0,0,0,0,0,11,0,0,0,0,3,2,3,0,1,1,0,0,0,0,1,0,0,0,0,0,0,0,0,0
Gravesend,32,2,3,0,0,7,3,4,4,0,1,0,4,1,0,0,0,0,0,0,0,0,0,0,0,53,1,0,3,1,7,5,10,9,2,6,1,0,1,0,0,1,0,0,0,0,0,0,0,0
Great Kills,13,0,0,1,0,1,1,1,2,3,1,0,0,1,0,0,0,0,0,0,0,0,0,0,0,49,0,0,2,1,1,6,12,9,3,4,4,1,2,0,0,0,0,0,0,0,0,0,0,0
Greenpoint,242,14,36,29,18,75,15,5,4,3,1,1,1,1,1,2,0,0,0,0,0,0,0,0,0,307,14,38,33,15,65,30,22,11,7,6,1,1,1,1,2,0,0,0,0,0,0,0,0,2
Greenridge,0,0,0,0,0,0,0,0,0,0,0,0,0,0,0,0,0,0,0,0,0,0,0,0,0,2,0,0,0,0,0,1,0,0,0,0,0,0,0,0,0,0,0,0,0,0,0,0,0,0
Greenwich Village,117,6,17,6,8,13,8,5,5,4,2,7,3,1,2,0,0,0,0,0,0,0,0,0,0,182,15,28,18,9,20,14,6,6,5,1,4,2,4,2,1,1,0,1,0,0,0,0,0,0
Greenwood Heights,70,2,11,11,6,9,7,4,1,1,1,0,0,1,0,0,0,0,0,0,0,0,0,0,0,70,6,7,6,12,12,3,2,1,1,0,2,0,0,0,0,0,0,0,0,0,0,0,0,0
Grymes Hill,3,1,0,0,0,0,0,1,0,0,0,0,0,0,0,0,0,0,0,0,0,0,0,0,0,8,0,1,3,0,0,1,0,0,0,0,0,0,0,0,0,0,0,0,0,0,0,0,0,0
Hamilton Beach,0,0,0,0,0,0,0,0,0,0,0,0,0,0,0,0,0,0,0,0,0,0,0,0,0,4,0,0,0,0,0,0,0,1,0,0,0,0,1,0,0,0,0,0,0,0,0,0,0,0
Hamilton Heights,104,10,22,13,6,17,4,4,2,1,1,0,0,0,1,0,0,0,0,0,0,0,0,0,0,161,25,18,28,11,24,6,4,4,0,1,0,0,0,1,0,0,0,0,0,0,0,0,0,0
Heartland Village,0,0,0,0,0,0,0,0,0,0,0,0,0,0,0,0,0,0,0,0,0,0,0,0,0,9,0,0,0,0,1,1,3,4,0,0,0,0,0,0,0,0,0,0,0,0,0,0,0,0
Hell's Kitchen / Clinton,288,21,44,26,19,49,10,13,10,1,7,6,3,0,3,0,0,0,0,0,0,0,0,0,0,323,23,52,31,22,66,15,16,15,3,3,1,4,1,0,0,0,0,0,0,0,0,0,0,1
High Bridge,6,0,0,1,1,2,0,0,1,0,0,0,0,0,0,0,0,0,0,0,0,0,0,0,0,13,0,0,0,0,1,2,3,2,0,0,1,0,0,0,0,0,0,0,0,0,0,0,0,0
Hillcrest,3,0,0,0,0,1,0,0,1,0,0,1,0,0,0,0,0,0,0,0,0,0,0,0,0,4,0,0,0,0,0,1,1,0,1,0,0,0,0,0,0,0,0,0,0,0,0,0,0,0
Hollis,7,0,0,0,0,1,0,0,2,1,0,0,0,0,0,0,0,0,0,0,0,0,0,0,0,8,1,0,0,0,1,0,2,3,0,0,1,0,0,0,0,0,0,0,0,0,0,0,0,0
Holliswood,0,0,0,0,0,0,0,0,0,0,0,0,0,0,0,0,0,0,0,0,0,0,0,0,0,4,0,0,0,0,0,1,1,1,1,0,0,0,0,0,0,0,0,0,0,0,0,0,0,0
Homecrest,1,0,0,0,0,0,0,0,0,1,0,0,0,0,0,0,0,0,0,0,0,0,0,0,0,6,0,0,0,0,0,1,0,2,1,0,0,1,0,0,0,0,0,0,0,0,0,0,0,0
Howard Beach,12,0,1,0,0,1,1,0,3,4,0,0,0,0,0,0,0,0,0,0,0,0,0,0,0,61,1,0,2,1,9,8,12,8,5,3,4,1,0,0,0,0,0,1,0,0,0,0,0,0
Hudson Heights,99,7,15,6,7,25,15,8,1,3,1,0,0,0,0,0,0,0,1,0,0,0,0,0,0,80,4,8,11,8,18,13,4,0,0,2,0,0,0,0,0,0,0,0,0,0,0,0,0,1
Hudson Square,11,0,1,0,0,2,3,2,0,0,0,0,0,0,0,0,0,0,0,0,0,0,0,0,0,7,0,1,0,0,1,0,1,1,1,0,0,0,0,0,0,0,0,0,0,0,0,0,0,0
Huguenot,5,0,0,0,0,1,2,1,0,1,0,0,0,0,0,0,0,0,0,0,0,0,0,0,0,21,0,1,2,1,1,4,4,8,0,0,0,0,0,0,0,0,0,0,0,0,0,0,0,0
Hunts Point,4,0,0,0,0,0,2,0,0,0,0,0,0,0,0,0,1,0,0,0,0,0,0,0,0,13,3,3,0,0,0,1,1,2,0,0,0,0,1,0,0,0,0,0,0,0,0,0,0,0
Inwood,402,22,30,30,19,91,38,25,20,27,14,10,10,1,6,1,5,1,0,0,0,0,0,0,0,218,17,24,28,8,36,26,16,6,10,5,4,1,1,0,1,2,0,0,0,1,0,0,0,0
Jackson Heights,122,5,8,10,6,33,7,8,7,6,3,4,2,1,0,0,0,0,0,0,0,0,0,0,0,212,7,17,15,12,36,29,23,17,7,11,3,2,3,1,0,2,0,0,0,0,0,0,0,0
Jamaica,16,0,1,2,1,4,1,1,1,1,0,1,0,0,0,0,0,0,0,0,0,0,0,0,0,45,0,1,3,2,5,3,5,11,3,2,0,1,0,0,0,0,0,0,0,0,0,0,0,0
Jamaica Estates,12,1,1,0,0,3,1,0,1,3,0,1,0,0,0,0,0,0,0,0,0,0,0,0,0,27,0,2,0,0,4,3,1,3,2,1,0,0,0,2,0,0,0,0,0,0,0,0,0,1
Jamaica Hills,6,0,0,0,0,1,0,0,2,0,0,0,0,0,0,0,0,0,0,0,0,0,0,0,0,6,0,1,0,0,1,2,1,0,1,0,0,0,0,0,0,0,0,0,0,0,0,0,0,0
Kensington,153,11,16,18,10,34,14,4,5,5,5,2,2,2,1,4,0,0,0,0,0,0,0,0,0,99,13,10,9,1,26,11,7,4,0,0,0,0,0,0,0,0,0,0,0,0,0,0,0,0
Kew Gardens,47,3,2,6,2,14,4,2,4,2,1,0,0,1,1,0,0,0,0,0,0,0,0,0,0,50,4,8,3,4,5,0,1,1,1,5,2,0,0,0,0,0,0,0,0,0,0,0,0,0
Kew Gardens Hills,5,0,0,0,1,1,2,0,1,0,0,0,0,0,0,0,0,0,0,0,0,0,0,0,0,28,0,3,1,1,5,3,4,4,2,0,0,0,0,0,0,0,0,0,0,0,0,0,0,0
Kingsbridge,23,0,0,3,3,3,1,1,2,2,3,0,0,0,0,0,0,0,0,0,0,0,0,0,0,32,2,4,0,0,3,4,2,4,2,2,1,2,0,0,0,0,0,0,0,0,0,0,0,0
Kingsbridge Heights,8,0,0,0,0,1,1,2,1,2,0,0,0,0,0,0,0,1,0,0,0,0,0,0,0,18,0,4,1,2,2,2,0,4,1,0,0,1,0,0,0,0,0,0,0,0,0,0,0,0
Kips Bay,73,11,11,8,4,8,3,3,3,2,0,1,0,0,0,0,0,0,0,0,0,0,0,0,0,85,5,13,9,7,11,6,2,3,0,1,0,0,0,0,1,0,0,0,0,0,0,0,0,0
Laurelton,6,0,0,0,0,0,0,2,0,0,2,0,1,0,0,0,0,0,0,0,0,0,0,0,0,9,0,0,0,0,0,2,0,2,0,0,1,1,0,0,0,0,1,0,0,0,0,0,0,0
Lenox Hill,31,8,0,2,1,3,2,4,3,1,0,1,1,0,0,0,0,0,0,0,0,0,0,0,0,41,1,6,3,1,6,4,3,1,0,0,0,0,0,0,0,0,0,0,0,0,0,0,0,0
Lighthouse Hill,0,0,0,0,0,0,0,0,0,0,0,0,0,0,0,0,0,0,0,0,0,0,0,0,0,10,0,0,0,1,4,1,1,1,0,0,0,1,0,0,0,0,0,0,0,0,0,0,0,0
Lincoln Square,38,4,6,7,5,2,8,0,0,0,1,0,1,0,0,2,0,0,0,0,0,0,0,0,0,45,5,8,3,5,12,0,1,5,0,0,0,0,0,0,0,0,0,0,0,0,0,0,0,0
Lindenwood,2,0,1,0,0,0,0,1,0,0,0,0,0,0,0,0,0,0,0,0,0,0,0,0,0,3,0,0,0,0,0,0,0,0,1,0,1,0,0,0,0,0,0,0,0,0,0,0,0,1
Little Italy,13,1,1,1,0,3,2,1,0,1,0,0,1,0,0,0,0,0,0,0,0,0,0,0,0,21,0,4,1,1,1,0,1,1,0,2,0,0,0,0,0,0,1,0,0,0,0,0,0,0
Little Neck,17,0,1,2,2,6,0,1,0,0,2,2,0,0,0,0,0,0,0,0,0,0,0,0,0,22,0,1,1,0,3,4,3,3,2,0,0,0,0,0,0,0,0,0,0,0,0,0,0,0
Livingston,3,0,0,0,0,0,0,1,1,0,0,1,0,0,0,0,0,0,0,0,0,0,0,0,0,5,0,0,0,0,0,0,3,1,0,1,0,0,0,0,0,0,0,0,0,0,0,0,0,0
Long Island City,101,13,9,13,8,17,5,2,3,1,1,0,0,1,0,0,0,0,0,0,0,0,0,0,0,158,19,32,17,10,25,6,2,3,2,0,3,0,1,0,0,0,0,0,0,0,0,0,0,0
Longwood,2,0,0,0,0,0,0,0,1,0,0,1,0,0,0,0,0,0,0,0,0,0,0,0,0,3,0,0,0,0,0,0,1,1,0,0,0,0,0,0,0,0,0,0,0,0,0,0,0,0
Lower East Side,201,15,22,17,5,22,12,11,12,9,9,3,4,2,2,1,0,0,0,0,0,0,0,0,1,229,15,16,18,10,29,15,16,17,12,10,10,6,0,0,0,0,0,0,0,0,0,0,0,1
Malba,2,0,0,0,0,0,0,0,1,0,0,0,0,0,0,0,0,0,0,0,0,0,0,0,0,3,0,0,0,0,1,0,0,1,0,0,0,0,0,0,0,0,0,0,0,0,0,0,0,0
Manhattan Beach,11,0,0,0,1,1,1,1,0,1,1,1,0,1,0,0,0,0,0,0,0,0,0,0,0,22,1,1,0,2,2,4,1,3,1,0,0,0,0,0,1,0,0,0,1,0,0,0,0,0
Manhattan Valley,42,3,6,8,4,4,1,3,1,1,1,0,0,0,0,0,0,0,0,0,0,0,0,0,0,74,8,6,6,3,17,2,7,3,2,2,2,0,0,0,0,0,0,0,0,0,0,0,0,1
Marble Hill,20,3,1,3,2,2,0,3,1,0,1,1,0,0,0,0,0,2,0,0,0,0,0,0,0,22,2,3,0,2,3,3,2,1,0,0,0,0,0,0,0,0,0,0,0,0,0,0,0,0
Marine Park,29,1,0,0,0,2,9,5,3,1,1,0,1,0,2,0,0,0,0,0,0,0,0,0,0,82,0,0,1,4,6,10,15,19,9,5,2,3,1,0,0,0,0,0,0,0,0,0,0,0
Mariners Harbor,2,0,0,0,0,0,1,0,1,0,0,0,0,0,0,0,0,0,0,0,0,0,0,0,0,17,1,0,2,1,3,2,0,0,1,3,1,0,0,0,0,0,0,0,0,0,0,0,0,0
Maspeth,22,0,1,0,1,5,2,3,4,0,2,1,1,0,0,0,0,0,0,0,0,0,0,0,0,38,0,2,1,1,8,4,6,3,7,2,0,0,0,0,0,1,0,0,0,0,0,0,0,0
Meatpacking District,4,0,1,0,0,0,0,0,1,0,0,0,1,0,0,0,0,0,0,0,0,0,0,0,0,17,0,2,0,0,1,1,1,0,1,1,0,0,0,0,0,0,0,0,0,0,0,0,0,0
Meier's Corners,1,0,0,0,0,0,1,0,0,0,0,0,0,0,0,0,0,0,0,0,0,0,0,0,0,3,0,0,0,0,0,0,0,1,0,0,0,1,0,0,0,0,0,0,0,0,0,0,0,0
Melrose,4,0,0,0,0,1,1,0,0,0,0,1,0,0,0,0,0,0,0,0,0,0,0,0,0,9,0,1,1,1,1,1,0,1,1,0,0,0,0,0,0,0,0,0,0,0,0,0,0,0
Middle Village,26,0,2,0,1,3,2,4,7,5,0,0,0,0,0,0,0,0,0,0,0,0,0,0,0,62,0,0,6,1,8,3,12,10,11,0,2,2,0,0,0,0,0,0,0,0,0,0,0,0
Midland Beach,2,0,0,0,0,0,0,0,1,0,0,0,0,0,0,0,0,0,0,0,0,0,0,0,0,21,0,0,2,0,3,5,4,2,1,1,2,0,0,0,0,0,0,0,0,0,0,0,0,0
Midtown,27,1,4,0,1,3,1,1,1,0,0,0,0,0,0,0,0,0,0,0,0,0,0,0,0,58,2,7,2,5,6,5,2,1,0,1,2,0,0,0,0,0,0,0,0,0,0,0,0,0
Midtown East,40,2,7,5,2,5,7,1,1,0,0,0,1,0,0,0,0,0,0,0,0,0,0,0,0,55,4,6,9,0,12,2,4,0,0,0,1,0,0,0,0,0,0,0,0,0,0,0,0,0
Midtown South,7,0,1,1,0,1,2,0,0,0,1,0,0,0,0,0,0,0,0,0,0,0,0,0,0,9,2,1,1,0,0,1,0,0,0,0,1,0,0,0,0,0,0,0,0,0,0,0,0,0
Midwood,38,2,1,1,0,8,2,6,9,2,2,2,0,0,0,0,0,0,0,0,0,0,0,0,0,54,1,1,0,2,4,10,9,7,3,3,1,0,0,0,0,0,0,0,0,0,0,0,0,0
Mill Basin,11,0,0,0,0,2,2,1,0,1,2,0,0,0,0,0,0,0,0,0,0,0,0,0,0,29,2,0,0,0,9,2,7,5,1,1,0,0,0,0,0,0,0,0,0,0,0,0,0,0
Morningside Heights,165,8,22,28,13,18,9,12,5,3,2,2,1,1,1,0,1,0,1,0,0,0,0,0,0,257,25,50,31,35,21,14,6,11,4,3,6,1,0,1,1,0,0,0,0,0,0,0,0,0
Morris Heights,4,0,0,0,0,0,1,0,1,1,0,0,0,0,0,0,0,0,0,0,0,0,0,0,0,12,0,0,0,1,0,2,3,3,1,0,0,0,0,0,0,0,0,0,0,0,0,0,0,0
Morris Park,27,0,2,0,1,3,0,3,4,1,2,2,0,0,3,1,0,0,0,0,0,0,0,0,0,43,0,1,6,1,4,0,5,15,0,1,2,0,1,0,0,0,0,0,0,0,0,0,0,0
Morrisania,6,0,0,0,0,1,2,2,0,0,0,1,0,0,0,0,0,0,0,0,0,0,0,0,0,20,1,1,1,0,1,0,4,2,0,1,0,0,0,0,0,0,0,1,0,0,0,0,0,0
Mott Haven,15,1,1,1,0,1,1,1,1,2,0,0,0,0,0,0,0,1,0,0,0,0,0,0,0,36,1,0,3,2,4,7,6,3,3,0,0,0,1,0,0,0,0,0,0,0,0,0,0,0
Mount Hope,0,0,0,0,0,0,0,0,0,0,0,0,0,0,0,0,0,0,0,0,0,0,0,0,0,4,0,1,0,0,1,0,0,1,0,0,0,0,0,0,0,0,0,0,0,0,0,0,0,0
Murray Hill,91,4,15,9,3,11,5,6,3,2,0,0,1,0,0,0,0,0,0,0,0,0,0,0,0,129,15,14,11,3,31,8,4,4,1,1,0,0,0,0,0,0,0,0,0,0,0,0,0,0
Murray Hill (Queens),3,0,0,0,0,0,0,0,0,1,0,1,0,0,0,0,0,0,0,0,0,0,0,0,0,7,0,1,1,0,0,2,0,0,0,0,0,0,0,0,0,0,0,0,0,0,0,0,0,0
Neponsit,10,0,0,0,0,0,0,0,3,0,2,1,1,2,0,0,0,0,0,0,0,0,0,0,0,9,0,0,0,0,0,1,3,2,1,0,1,0,0,0,0,0,0,0,0,0,0,0,0,0
New Brighton,5,0,0,0,0,0,0,1,1,0,2,1,0,0,0,0,0,0,0,0,0,0,0,0,0,16,0,2,1,0,2,2,2,3,2,1,0,0,0,0,0,0,0,0,0,0,0,0,0,0
New Dorp,7,0,0,0,2,0,0,2,0,2,0,0,0,0,0,1,0,0,0,0,0,0,0,0,0,25,0,1,2,1,2,2,8,2,1,3,0,0,1,0,0,0,0,0,0,0,0,0,0,0
New Dorp Beach,0,0,0,0,0,0,0,0,0,0,0,0,0,0,0,0,0,0,0,0,0,0,0,0,0,9,0,0,0,0,4,2,1,1,1,0,0,0,0,0,0,0,0,0,0,0,0,0,0,0
New Springville,5,0,2,0,0,0,0,1,2,0,0,0,0,0,0,0,0,0,0,0,0,0,0,0,0,16,0,0,1,0,4,5,2,0,1,1,1,0,0,0,0,0,0,0,0,0,0,0,0,0
NoHo,24,1,4,3,0,3,2,2,3,0,0,0,0,0,0,0,0,0,0,0,0,0,0,0,0,32,1,4,4,2,6,4,1,0,1,1,0,0,0,0,0,0,0,0,0,0,0,0,0,0
Nolita,30,4,5,2,1,2,0,0,1,0,0,0,0,0,0,0,0,0,0,0,0,0,0,0,1,51,7,10,8,2,5,2,1,1,1,1,0,0,0,0,0,0,0,0,0,0,0,0,0,0
Norwood,12,0,0,2,0,0,0,4,0,1,0,0,0,0,0,0,0,0,0,0,0,0,0,0,0,21,0,1,0,0,2,0,3,3,1,0,1,1,1,0,0,0,0,0,0,0,0,0,0,0
Oakland Gardens,7,0,0,0,0,1,3,0,3,0,0,0,0,0,0,0,0,0,0,0,0,0,0,0,0,37,1,1,3,1,4,3,9,7,2,0,0,0,0,0,1,0,0,0,0,0,0,0,0,0
Oakwood,1,0,0,0,0,0,0,0,0,0,0,0,0,0,0,0,0,0,0,0,0,0,0,0,0,21,0,0,1,0,5,2,2,4,3,0,0,0,1,1,0,0,0,0,0,0,0,0,0,0
Ocean Breeze,0,0,0,0,0,0,0,0,0,0,0,0,0,0,0,0,0,0,0,0,0,0,0,0,0,2,0,0,0,0,0,1,0,1,0,0,0,0,0,0,0,0,0,0,0,0,0,0,0,0
Ocean Hill,14,3,2,1,0,1,1,0,0,0,0,0,0,0,0,0,0,0,0,0,0,0,0,0,0,15,2,1,1,2,0,0,0,0,0,0,0,0,0,0,0,0,0,0,0,0,0,0,0,0
Old Town,1,0,0,0,0,0,0,0,1,0,0,0,0,0,0,0,0,0,0,0,0,0,0,0,0,11,1,0,1,1,2,1,0,3,0,1,0,0,0,0,0,0,0,0,0,0,0,0,0,1
Olinville,3,0,0,0,0,0,0,0,2,0,0,0,0,0,0,0,0,0,0,0,0,0,0,0,0,2,0,0,0,0,0,2,0,0,0,0,0,0,0,0,0,0,0,0,0,0,0,0,0,0
Ozone Park,10,0,0,1,0,1,3,0,4,0,0,0,0,1,0,0,0,0,0,0,0,0,0,0,0,37,0,3,0,2,5,7,6,5,1,2,1,0,0,0,1,0,0,0,0,0,0,0,0,0
Park Slope,537,25,53,49,29,124,61,29,22,19,19,7,4,3,2,0,4,1,2,0,0,0,0,0,0,462,28,48,39,29,82,42,33,32,16,14,4,1,3,1,0,1,0,0,0,0,0,0,0,0
Parkchester,14,0,1,0,0,4,2,1,2,1,0,1,0,0,0,0,0,0,1,0,0,0,0,0,0,18,0,4,0,0,7,1,2,1,2,0,0,0,0,0,0,0,0,0,0,0,0,0,0,0
Pelham Bay,14,1,1,0,3,3,0,1,2,1,0,0,0,0,0,0,0,0,0,0,0,0,0,0,0,31,0,4,3,2,4,2,7,2,1,1,0,0,0,0,0,0,0,0,0,0,0,0,0,0
Pelham Gardens,8,0,0,0,0,0,0,2,1,1,0,0,1,0,0,0,0,0,0,0,0,0,0,0,0,14,0,1,2,0,2,2,1,3,2,1,0,0,0,0,0,0,0,0,0,0,0,0,0,0
Pelham Parkway,22,0,0,0,1,4,1,4,3,0,0,0,3,0,1,0,0,0,0,0,0,0,0,0,0,27,0,0,0,1,4,4,7,3,1,0,1,0,1,0,0,0,0,0,0,0,0,0,0,0
Pleasant Plains,2,0,1,0,1,0,0,0,0,0,0,0,0,0,0,0,0,0,0,0,0,0,0,0,0,6,0,0,0,2,0,1,2,0,1,0,0,0,0,0,0,0,0,0,0,0,0,0,0,0
Pomonok,0,0,0,0,0,0,0,0,0,0,0,0,0,0,0,0,0,0,0,0,0,0,0,0,0,1,0,0,0,0,0,0,0,1,0,0,0,0,0,0,0,0,0,0,0,0,0,0,0,0
Port Morris,2,0,0,0,0,1,0,0,0,0,0,0,0,0,0,0,0,0,0,0,0,0,0,0,0,4,0,0,0,0,0,0,1,1,0,0,0,0,0,0,0,0,0,0,0,0,0,0,0,0
Port Richmond,2,0,1,0,0,0,0,0,0,0,0,0,0,0,0,1,0,0,0,0,0,0,0,0,0,17,0,0,1,0,1,6,3,1,0,2,2,0,0,0,0,0,0,0,0,0,0,0,0,0
Prince's Bay,4,0,1,0,0,1,2,0,0,0,0,0,0,0,0,0,0,0,0,0,0,0,0,0,0,10,0,0,0,0,1,3,1,3,0,0,0,0,0,0,0,0,0,0,0,0,0,0,0,0
Prospect Heights,252,12,35,39,22,60,21,6,5,2,0,0,1,1,0,0,0,0,0,0,0,0,0,0,0,192,14,23,12,14,36,26,7,7,4,2,2,0,0,0,0,0,0,0,0,0,0,0,0,1
Prospect Park South,34,1,8,2,3,2,4,1,1,0,0,0,0,0,0,0,0,0,0,0,0,0,0,0,0,57,5,9,8,1,5,5,1,3,0,0,0,0,0,0,0,0,0,0,0,0,0,0,0,0
Prospect-Lefferts Gardens,173,16,29,26,20,27,9,3,2,1,1,1,0,0,0,0,0,0,0,0,0,0,0,0,0,109,15,12,8,15,25,5,1,2,0,3,0,0,0,0,0,0,0,0,0,0,0,0,0,0
Queens Village,17,0,0,0,1,5,3,1,2,0,1,1,0,0,0,0,0,0,0,0,0,0,0,0,0,47,1,1,3,3,5,5,5,7,5,6,1,1,0,0,0,0,0,0,0,0,0,0,0,0
Randall Manor,6,0,0,0,0,0,0,3,1,0,0,0,0,0,0,0,0,0,0,0,0,0,0,0,0,9,0,1,0,0,2,1,1,0,0,0,0,0,0,0,0,0,0,0,0,0,0,0,0,0
Red Hook,44,1,5,2,6,8,6,2,2,0,0,0,0,0,1,0,0,0,0,0,0,0,0,0,0,41,2,2,3,5,9,2,3,0,0,0,0,0,0,0,0,0,0,0,0,0,0,0,0,1
Rego Park,41,1,4,1,4,9,3,5,4,0,2,1,0,0,1,0,0,0,0,0,0,0,0,0,0,54,2,7,0,3,10,6,5,4,2,2,1,1,0,0,0,0,0,0,0,0,0,0,0,0
Richmond Hill,10,0,0,0,1,1,0,2,2,2,0,0,1,0,0,0,0,0,0,0,0,0,0,0,0,32,0,0,0,2,2,5,8,6,4,2,0,0,0,0,0,0,0,0,0,0,0,0,0,1
Richmondtown,5,0,0,1,0,0,0,0,1,0,0,0,0,1,0,0,0,0,0,0,0,0,0,0,0,10,0,0,0,2,0,1,1,3,1,0,0,1,1,0,0,0,0,0,0,0,0,0,0,0
Ridgewood,80,7,10,5,3,13,5,4,4,4,1,1,0,0,0,2,0,1,0,0,0,0,0,0,0,131,8,22,6,8,19,7,17,10,3,3,0,2,0,1,0,0,0,0,0,0,0,0,0,0
Riverdale,61,0,6,0,1,11,6,6,4,5,2,2,3,1,1,0,0,0,0,0,0,0,0,0,0,106,5,7,8,4,15,7,16,8,8,4,3,3,3,0,2,0,0,0,0,0,0,0,0,0
Rochdale Village,0,0,0,0,0,0,0,0,0,0,0,0,0,0,0,0,0,0,0,0,0,0,0,0,0,0,0,0,0,0,0,0,0,0,0,0,0,0,0,0,0,0,0,0,0,0,0,0,0,0
Rockaway Beach,28,1,2,1,1,3,0,6,5,1,0,0,0,2,2,1,0,0,0,0,0,0,0,0,0,27,2,0,1,1,3,4,3,2,3,2,1,2,2,0,0,0,0,0,0,0,0,0,0,0
Rockaway Park,23,0,1,0,2,2,5,2,2,2,3,1,0,1,0,0,0,0,0,0,0,0,0,0,0,23,1,3,2,0,2,3,1,2,5,0,0,1,1,0,0,0,0,0,0,0,0,0,0,0
Roosevelt Island,11,0,1,1,0,1,0,1,0,1,1,0,0,1,0,0,0,0,0,0,0,0,0,0,0,24,1,2,0,0,4,2,0,1,1,1,1,0,0,0,0,0,0,0,0,0,0,0,0,0
Rosebank,5,0,0,0,0,3,0,0,1,0,1,0,0,0,0,0,0,0,0,0,0,0,0,0,0,5,0,1,0,0,0,0,0,0,1,1,0,0,0,0,0,0,0,0,0,0,0,0,0,0
Rosedale,8,0,0,0,2,1,2,0,0,2,0,0,0,0,0,0,0,0,0,0,0,0,0,0,0,8,0,0,0,0,2,2,1,1,2,0,0,0,0,0,0,0,0,0,0,0,0,0,0,0
Rossville,2,0,0,0,0,0,0,0,1,0,0,0,0,0,0,0,0,0,0,0,0,0,0,0,0,9,0,0,0,0,2,0,3,3,0,0,0,0,0,0,0,0,0,0,0,0,0,0,0,0
Roxbury,4,0,0,0,0,0,0,0,1,0,0,0,1,0,0,0,0,0,0,0,0,0,0,0,0,4,0,0,0,0,0,0,0,1,1,0,1,1,0,0,0,0,0,0,0,0,0,0,0,0
Schuylerville,2,1,0,0,0,0,0,0,0,0,0,0,0,0,0,0,0,0,0,0,0,0,0,0,0,7,0,0,1,0,0,3,1,1,0,0,0,0,0,0,0,0,0,0,0,0,0,0,0,0
Sea Gate,1,0,0,0,0,1,0,0,0,0,0,0,0,0,0,0,0,0,0,0,0,0,0,0,0,4,0,0,0,0,0,0,1,0,0,0,0,1,0,0,0,0,0,0,0,0,0,0,0,0
Seaside,1,0,0,0,0,0,0,0,0,0,0,0,0,0,0,1,0,0,0,0,0,0,0,0,0,1,0,1,0,0,0,0,0,0,0,0,0,0,0,0,0,0,0,0,0,0,0,0,0,0
Sheepshead Bay,33,0,3,0,0,3,5,8,5,2,1,0,0,1,0,0,0,1,0,0,0,0,0,0,0,101,1,3,4,2,16,10,24,8,11,6,3,0,0,0,1,0,0,0,0,0,0,0,0,0
Shore Acres,0,0,0,0,0,0,0,0,0,0,0,0,0,0,0,0,0,0,0,0,0,0,0,0,0,4,0,1,0,0,1,2,0,0,0,0,0,0,0,0,0,0,0,0,0,0,0,0,0,0
Silver Lake,2,0,0,1,0,0,0,0,0,0,0,0,0,0,0,0,0,0,0,0,0,0,0,0,0,4,0,0,1,1,0,1,0,0,0,0,0,0,0,0,0,0,0,0,0,0,0,0,0,0
SoHo,67,7,7,4,4,7,4,1,2,0,2,1,2,1,0,0,0,0,0,0,0,0,0,0,0,79,8,4,9,6,5,4,7,4,2,1,0,1,1,1,0,0,0,0,0,0,0,0,0,0
Soundview,8,0,0,0,1,0,2,1,0,1,1,0,0,1,0,0,0,0,0,0,0,0,0,0,0,23,2,0,0,0,8,2,4,2,2,1,1,0,0,0,0,0,0,0,0,0,0,0,0,0
South Beach,2,0,0,0,0,0,0,1,0,0,0,0,0,1,0,0,0,0,0,0,0,0,0,0,0,18,0,0,0,1,4,1,2,5,1,1,2,1,0,0,0,0,0,0,0,0,0,0,0,0
South Jamaica,2,0,0,0,0,0,0,0,1,0,0,0,0,0,0,0,0,0,0,0,0,0,0,0,0,11,0,0,2,1,1,0,1,1,0,1,0,0,1,0,0,0,0,0,0,0,0,0,0,0
South Ozone Park,12,0,0,2,0,1,1,2,3,1,0,0,0,0,0,1,0,0,0,0,0,0,0,0,0,18,0,0,0,2,3,0,1,9,1,0,0,0,0,0,0,0,0,0,0,0,0,0,0,0
South Street Seaport,8,0,0,0,0,1,1,3,0,0,1,1,0,0,0,0,0,0,0,0,0,0,0,0,0,11,0,2,2,0,1,0,0,0,0,0,0,0,0,0,0,1,0,0,0,0,0,0,0,0
Springfield Gardens,2,0,0,0,0,0,0,0,0,0,0,1,0,0,1,0,0,0,0,0,0,0,0,0,0,3,0,0,0,0,0,0,0,0,1,0,0,1,0,0,0,0,0,0,0,0,0,0,0,0
Spuyten Duyvil,13,0,1,0,0,2,1,3,1,3,0,0,0,0,0,0,0,0,0,0,0,0,0,0,0,15,0,1,0,2,1,1,2,2,2,0,1,0,0,0,1,0,0,0,0,0,0,0,0,0
St. Albans,5,0,0,1,0,1,1,0,1,0,0,0,0,1,0,0,0,0,0,0,0,0,0,0,0,7,0,1,0,0,0,4,0,2,0,0,0,0,0,0,0,0,0,0,0,0,0,0,0,0
St. George,19,1,0,4,2,5,0,0,0,0,1,0,0,0,1,2,0,0,0,0,0,0,0,0,0,30,2,6,7,2,1,3,0,1,2,2,0,0,0,0,0,0,0,0,0,0,0,0,0,0
Stapleton,7,0,0,0,0,1,1,1,0,0,0,0,0,0,0,0,0,0,0,0,0,0,0,0,0,16,1,0,3,0,2,3,3,1,1,0,0,0,0,0,0,0,0,0,0,0,0,0,0,0
Starrett City,1,0,0,0,0,0,0,0,0,0,1,0,0,0,0,0,0,0,0,0,0,0,0,0,0,3,0,0,0,0,0,0,2,0,0,0,0,0,0,0,0,0,0,0,0,0,0,0,0,0
Stuyvesant Town,56,5,8,6,3,4,1,3,3,2,2,0,1,0,0,0,0,0,0,0,0,0,0,0,0,66,3,3,5,1,9,5,4,11,0,2,1,0,0,1,1,0,0,0,0,0,0,0,0,0
Sugar Hill,19,0,3,3,3,6,1,0,0,0,1,0,1,0,0,0,0,0,0,0,0,0,0,0,0,32,1,2,1,1,10,0,4,0,1,1,0,0,0,0,0,0,0,0,0,0,0,0,0,0
Sunnyside,109,8,17,15,11,18,6,2,5,0,3,3,2,0,0,1,0,0,0,0,0,0,0,0,0,151,6,19,17,7,43,3,9,7,3,4,1,0,0,1,0,0,0,0,0,0,0,0,0,1
Sunnyside (Staten Island),3,0,0,0,0,1,0,0,0,1,0,0,1,0,0,0,0,0,0,0,0,0,0,0,0,9,0,1,1,0,0,2,4,1,0,0,0,0,0,0,0,0,0,0,0,0,0,0,0,0
Sunset Park,106,7,9,12,8,21,12,3,3,3,3,2,3,2,1,0,0,0,0,0,0,0,0,0,0,161,10,19,18,8,25,11,15,12,7,6,2,0,1,2,0,0,1,0,0,0,0,0,0,0
Sutton Place,15,0,2,0,2,2,1,1,0,0,0,1,0,1,0,0,0,0,0,0,0,0,0,0,0,33,2,2,2,0,4,9,1,3,1,0,0,0,0,0,0,0,0,0,0,0,0,0,0,0
Throgs Neck,17,0,1,1,0,2,2,3,1,0,1,1,1,0,0,0,0,0,0,0,0,0,0,0,0,43,1,0,1,3,7,2,8,1,4,3,2,4,3,0,0,0,0,0,0,0,0,0,0,0
Times Square/ Theater District,9,0,2,0,0,0,0,1,1,1,1,0,0,0,0,0,0,0,0,0,0,0,0,0,0,12,0,1,1,0,1,0,0,0,0,0,0,0,0,0,0,0,0,0,0,0,0,0,0,1
Todt Hill,2,0,0,0,0,1,0,0,1,0,0,0,0,0,0,0,0,0,0,0,0,0,0,0,0,7,0,0,0,0,1,2,3,0,0,0,0,0,0,0,0,0,0,0,0,0,0,0,0,0
Tompkinsville,4,0,1,2,0,0,0,0,1,0,0,0,0,0,0,0,0,0,0,0,0,0,0,0,0,3,0,0,0,0,0,0,2,0,0,0,0,0,0,0,0,0,0,0,0,0,0,0,0,0
Tottenville,6,0,0,0,0,0,1,1,0,0,0,0,0,1,1,0,0,0,0,0,0,0,0,0,0,34,0,1,1,0,2,10,5,7,2,3,0,1,0,0,0,0,0,0,0,0,0,0,0,0
Travis,2,0,0,1,0,1,0,0,0,0,0,0,0,0,0,0,0,0,0,0,0,0,0,0,0,9,0,0,3,0,0,0,1,1,1,0,2,1,0,0,0,0,0,0,0,0,0,0,0,0
Tremont & East Tremont,4,0,0,0,0,0,1,1,1,0,1,0,0,0,0,0,0,0,0,0,0,0,0,0,0,7,0,0,0,0,2,0,3,0,1,0,0,0,0,0,0,0,0,0,0,0,0,0,0,0
TriBeCa,101,5,14,6,7,13,5,5,5,1,3,3,1,0,0,0,0,0,0,0,0,0,0,0,0,105,4,10,7,5,11,15,6,2,5,3,1,3,0,1,0,0,0,0,0,0,0,0,0,0
Turtle Bay,23,1,2,4,0,4,0,0,0,0,1,4,0,1,0,0,0,0,0,0,0,0,0,0,0,35,3,5,4,2,8,1,1,1,0,0,0,0,0,0,0,0,0,0,0,0,0,0,0,0
Union Square,36,3,2,10,4,3,0,1,3,1,0,0,0,0,0,0,0,0,0,0,0,0,0,0,0,34,3,2,1,0,4,3,3,4,0,1,0,0,0,0,0,0,0,0,0,0,0,0,0,0
Unionport,1,0,0,0,0,0,1,0,0,0,0,0,0,0,0,0,0,0,0,0,0,0,0,0,0,1,0,0,0,0,0,0,0,0,0,0,1,0,0,0,0,0,0,0,0,0,0,0,0,0
University Heights,7,0,0,0,0,3,1,1,0,0,1,0,0,0,0,0,0,0,0,0,0,0,0,0,0,15,1,0,0,1,0,2,0,5,1,0,0,0,0,0,0,0,0,0,0,0,0,0,0,1
Upper East Side,230,17,31,20,23,35,9,7,13,5,1,2,2,3,1,0,1,0,0,1,0,0,0,0,1,427,37,46,54,29,69,15,37,17,4,6,1,3,1,0,1,0,0,0,0,0,0,0,0,3
Upper West Side,514,28,38,47,37,82,46,41,22,30,14,14,15,7,2,0,0,0,0,0,0,0,0,0,0,653,45,53,53,44,106,49,66,47,25,16,12,9,7,6,0,1,0,0,0,0,0,0,0,0
Utopia,1,0,0,1,0,0,0,0,0,0,0,0,0,0,0,0,0,0,0,0,0,0,0,0,0,0,0,0,0,0,0,0,0,0,0,0,0,0,0,0,0,0,0,0,0,0,0,0,0,0
Van Nest,2,0,0,0,0,0,0,0,0,0,0,0,1,0,0,0,0,0,0,0,0,0,0,0,0,1,0,1,0,0,0,0,0,0,0,0,0,0,0,0,0,0,0,0,0,0,0,0,0,0
Vinegar Hill,10,1,1,0,1,0,1,0,0,0,0,0,0,0,3,0,0,0,0,0,0,0,0,0,0,6,0,1,0,0,2,0,0,0,0,0,0,0,0,0,0,0,0,0,0,0,0,0,0,0
Wakefield,11,0,0,0,0,1,0,4,1,1,0,1,0,0,0,0,1,0,0,0,0,0,0,0,0,8,0,0,0,0,1,1,0,1,1,0,0,0,0,0,0,0,0,0,0,0,0,0,0,0
Washington Heights,339,12,36,24,19,68,24,21,29,14,16,8,6,4,5,2,1,2,0,0,0,0,0,0,0,355,22,41,46,20,50,21,24,25,13,16,5,6,0,0,0,0,1,0,0,1,0,0,0,1
Wavecrest,0,0,0,0,0,0,0,0,0,0,0,0,0,0,0,0,0,0,0,0,0,0,0,0,0,0,0,0,0,0,0,0,0,0,0,0,0,0,0,0,0,0,0,0,0,0,0,0,0,0
West Brighton,13,0,0,1,0,0,1,1,5,2,0,2,0,0,0,0,0,0,0,0,0,0,0,0,1,35,0,1,1,1,3,2,8,3,6,0,2,0,0,0,0,0,0,0,0,0,0,0,0,0
West Farms,1,0,0,0,0,0,0,0,0,0,0,0,0,0,0,0,1,0,0,0,0,0,0,0,0,11,0,2,0,0,0,3,1,3,0,0,0,0,0,0,0,0,0,0,0,0,0,0,0,0
West Harlem,53,3,5,10,3,9,1,1,5,0,4,1,0,0,0,0,0,0,0,0,0,0,0,0,0,107,3,12,10,10,15,6,5,3,3,0,0,0,0,1,2,0,0,0,0,0,0,0,0,1
West Village,151,7,19,10,13,26,10,6,8,5,1,2,5,0,0,0,2,0,0,0,0,0,0,0,1,226,16,32,20,11,33,19,14,10,10,3,3,6,1,1,1,0,0,0,0,0,0,0,0,0
Westchester Square,2,1,0,0,0,0,0,0,0,0,0,0,0,0,0,0,0,0,0,0,0,0,0,0,0,8,0,0,0,0,1,0,1,1,0,1,0,0,0,1,0,0,0,0,0,0,0,0,0,0
Westerleigh,10,0,0,0,0,0,2,2,2,0,0,1,0,0,0,0,0,0,0,0,0,0,0,0,0,54,2,2,2,1,10,1,7,10,1,4,2,3,0,0,1,1,0,0,0,0,0,0,0,0
Whitestone,16,1,0,0,0,1,1,1,6,3,0,2,0,0,0,0,0,0,0,0,0,0,0,0,0,52,1,2,1,1,8,8,8,4,7,3,1,2,0,0,0,0,0,0,0,0,1,0,0,1
Williamsbridge,18,2,4,1,1,2,1,1,2,0,0,0,0,0,0,0,0,0,0,0,0,0,0,0,0,19,3,2,1,1,4,0,1,1,1,1,0,0,0,1,0,0,0,0,0,0,0,0,0,0
Williamsburg,311,12,35,32,29,57,22,7,3,1,3,0,2,1,1,1,0,0,0,1,0,0,1,0,0,397,29,45,46,24,89,33,8,5,9,6,0,0,0,0,1,0,0,0,0,0,0,0,0,0
Willowbrook,3,0,0,0,0,0,0,1,0,0,0,0,0,0,0,0,0,0,0,0,0,0,0,0,0,12,0,0,0,0,2,0,3,1,1,1,2,0,0,0,0,0,0,0,0,0,0,0,0,0
Windsor Terrace,119,6,13,13,11,24,11,1,4,5,4,3,1,0,2,1,1,0,0,0,0,0,0,0,0,127,8,14,9,3,22,11,14,14,7,4,1,0,0,1,2,0,0,1,0,0,0,0,1,0
Woodhaven,15,0,1,0,1,3,0,2,1,2,0,1,0,0,0,0,0,0,0,0,0,0,0,0,0,36,0,1,2,1,6,4,4,4,8,2,0,0,0,1,0,0,0,0,0,0,0,0,0,0
Woodlawn,15,0,0,0,1,2,2,0,1,3,2,1,0,0,0,0,0,0,0,0,0,0,0,0,0,62,1,6,2,4,5,7,2,4,6,3,2,2,0,0,0,0,0,0,0,0,0,0,0,0
Woodrow,2,0,0,1,0,0,0,0,0,0,0,0,0,0,0,0,0,0,0,0,0,0,0,0,1,9,0,0,0,0,1,1,4,1,1,0,0,0,0,0,0,0,0,0,0,0,0,0,0,0
Woodside,61,6,7,3,2,10,4,6,4,5,1,0,0,1,0,1,0,0,0,0,0,1,0,0,0,98,7,6,3,5,14,11,10,9,6,2,2,4,0,0,1,1,0,0,0,0,0,0,0,0
Yorkville,169,7,25,24,13,23,4,13,11,7,3,2,0,1,0,1,2,1,0,0,0,0,0,0,1,219,13,20,24,13,37,19,15,15,6,4,2,5,1,1,0,0,1,0,0,0,0,0,0,3
Other,193,5,12,10,18,31,10,15,10,6,3,7,7,0,0,1,0,1,0,1,0,0,0,1,3,238,7,15,9,7,45,27,25,23,11,6,2,3,0,2,2,0,0,0,0,0,0,0,0,1
